1,"Jack","Smith",\N,\N,\N,\N,\N,\N,"2020-10-24 14:56:10","2020-10-24 14:56:21",1,1
2,"Tom","Smith",\N,\N,\N,\N,\N,\N,"2020-10-24 14:56:14","2020-10-24 14:56:21",1,2
3,"David","Smith",\N,\N,\N,\N,\N,\N,"2020-10-24 14:56:16","2020-10-24 14:56:21",2,3
8,"Kate","Smith",\N,\N,\N,\N,\N,\N,"2020-10-24 14:56:17","2020-10-24 14:56:21",2,4
10,"Melvin","Edwards","PA","Port Brianfort","299 Michael Shoal Suite 233",11725,11377296215,"melissajohns@gmail.com","2020-11-20 20:41:40","2020-11-20 20:41:40",17,16360
11,"Taylor","Thomas","MA","East Lisa","51833 John Prairie Apt. 456",6576,13604927159,"ricky96@gmail.com","2020-11-20 20:44:20","2020-11-20 20:44:20",17,16362
12,"Elizabeth","Santos","NV","Clarkside","6970 Quinn Trace Apt. 373",84033,107359309383346,"bauerjulie@hotmail.com","2020-11-20 20:46:29","2020-11-20 20:46:29",20,16365
13,"Zachary","Lawson","UT","Johnsonstad","530 Elizabeth Crescent Apt. 516",34201,61493907742763,"harringtonjessica@yahoo.com","2020-11-20 20:46:59","2020-11-20 20:46:59",19,16366
14,"Lauren","Tapia","DE","Brownbury","1950 Christopher Village",1783,11119436308,"zgonzalez@gmail.com","2020-11-20 20:47:26","2020-11-20 20:47:26",12,16367
15,"Joseph","Barker","GA","Ricehaven","8243 Baker Parkway Apt. 939",39850,8653197913,"faulknermichelle@yahoo.com","2020-11-20 20:47:37","2020-11-20 20:47:37",1,16368
16,"Janet","Craig","OR","Williamsfort","241 Laura Drive Suite 691",66077,438578233665230,"walkertaylor@hotmail.com","2020-11-20 20:47:50","2020-11-20 20:47:50",6,16370
17,"Gary","Lowe","NE","Daughertyland","0664 Palmer Place",98795,2288904990,"brentwall@hotmail.com","2020-11-20 20:47:50","2020-11-20 20:47:50",2,16372
18,"Daniel","Brooks","ND","Jonesmouth","2273 Torres Spring",48662,115191051379558,"seanhuffman@yahoo.com","2020-11-20 20:47:50","2020-11-20 20:47:50",13,16373
19,"Mrs.","Katherine","RI","Lozanoport","721 Pittman Keys",32489,1200573802461275,"timothy56@gmail.com","2020-11-20 20:47:50","2020-11-20 20:47:50",8,16374
20,"Julie","Morris","NH","South Lawrence","149 Gonzales Field Apt. 485",93019,7386319173,"floresmegan@gmail.com","2020-11-20 20:47:50","2020-11-20 20:47:50",1,16375
21,"Christina","Weiss","MO","Jamesfort","2280 Whitney Greens",49193,1673635644105842,"jameswhite@gmail.com","2020-11-20 20:47:50","2020-11-20 20:47:50",15,16376
22,"Sharon","Fisher","IN","Amandaport","793 Julie Views Apt. 031",80058,226458269,"hthomas@yahoo.com","2020-11-20 20:47:50","2020-11-20 20:47:50",20,16377
23,"Rachel","Bowers","WV","East Sarah","44102 Molly Bridge Suite 462",29980,5377634402,"qramirez@hotmail.com","2020-11-20 20:47:50","2020-11-20 20:47:50",7,16378
24,"Samuel","Wright","KS","Donaldshire","95302 Day Crescent Apt. 710",2046,2956324,"natalie75@gmail.com","2020-11-20 20:47:50","2020-11-20 20:47:50",5,16379
25,"Carrie","Collins","SD","Davidstad","05232 Sean Canyon Suite 539",45568,6085417951,"colemary@hotmail.com","2020-11-20 20:47:50","2020-11-20 20:47:50",21,16380
26,"Bonnie","Johnson","AK","East Melissaberg","0257 Larsen Pines",93913,5404520887739,"dawn82@hotmail.com","2020-11-20 20:47:50","2020-11-20 20:47:50",17,16382
27,"Robert","Owens","KS","Kelleyport","34150 Shannon Oval Suite 385",7338,3389760559067,"gregory68@hotmail.com","2020-11-20 20:47:50","2020-11-20 20:47:50",6,16384
28,"Kelly","Moreno","NE","Alanberg","83668 Adam Creek Apt. 062",27798,6147585100368,"hernandezkimberly@hotmail.com","2020-11-20 20:47:50","2020-11-20 20:47:50",2,16386
29,"Tracy","Mejia","HI","Port Jeremy","2822 Thomas Prairie Apt. 643",46611,1374072957,"combsnicholas@yahoo.com","2020-11-20 20:47:50","2020-11-20 20:47:50",21,16387
30,"Laura","Guerrero","NJ","New Teresahaven","5849 Nicole Pike",93708,4868560687,"kaitlin17@hotmail.com","2020-11-20 20:47:50","2020-11-20 20:47:50",22,16388
31,"Megan","Barker","ME","Deannachester","5768 Byrd Keys Apt. 157",60869,55120975820200,"ralphnelson@gmail.com","2020-11-20 20:47:50","2020-11-20 20:47:50",7,16390
32,"William","Mckenzie","VA","South Cynthiaville","274 Daniel Walk",84249,66410555905486,"andresedwards@gmail.com","2020-11-20 20:47:50","2020-11-20 20:47:50",12,16391
33,"Rhonda","Guzman","MN","Cruzfort","360 Michelle Meadows",49922,585728287519334,"pjohnson@hotmail.com","2020-11-20 20:47:50","2020-11-20 20:47:50",2,16392
34,"Sabrina","Duran","WA","Ruizberg","567 Coleman Meadows",33939,2075953709,"ujohnson@gmail.com","2020-11-20 20:47:50","2020-11-20 20:47:50",6,16394
35,"Nathan","Travis","DE","New Amyhaven","106 Adam Station",52832,1857867929318762,"michael58@hotmail.com","2020-11-20 20:47:50","2020-11-20 20:47:50",21,16395
36,"Nicole","Pennington","CO","Ashleyborough","2883 Buchanan Drives Suite 422",71879,1590493478,"cooperapril@hotmail.com","2020-11-20 20:47:50","2020-11-20 20:47:50",5,16396
37,"William","Morrow","KY","Port Seth","06510 John Street",87994,3425491566638,"vbarajas@hotmail.com","2020-11-20 20:47:50","2020-11-20 20:47:50",9,16397
38,"Rachel","Cervantes","OR","Janestad","825 Kane Valley Suite 070",75492,91240821574237,"eanderson@hotmail.com","2020-11-20 20:47:50","2020-11-20 20:47:50",21,16398
39,"Steven","Jackson","WA","Tuckerbury","74080 Bruce Crest",15574,1458473334132109,"kelly44@hotmail.com","2020-11-20 20:47:50","2020-11-20 20:47:50",7,16399
40,"Maria","Smith","FL","South Patrickborough","17229 William Place Suite 408",77984,8442000839,"abennett@hotmail.com","2020-11-20 20:47:50","2020-11-20 20:47:50",22,16401
41,"James","Chen","KY","East Jonathan","80068 Chen Branch Suite 997",76966,302214161186017,"yfoster@gmail.com","2020-11-20 20:47:50","2020-11-20 20:47:50",14,16404
42,"Jermaine","Thompson","TN","Bradshawbury","868 Amanda Terrace Apt. 372",77542,1573397946868,"dorseytony@hotmail.com","2020-11-20 20:47:50","2020-11-20 20:47:50",17,16405
43,"Rebecca","Hartman","MD","Theresaside","10019 Horton Club Apt. 262",60868,857481751801298,"laurenjones@yahoo.com","2020-11-20 20:47:50","2020-11-20 20:47:50",1,16409
44,"Richard","Wallace","OK","Patriciachester","6233 Foster Fork Apt. 048",78381,112891084476649,"arichardson@yahoo.com","2020-11-20 20:47:50","2020-11-20 20:47:50",5,16410
45,"Laura","Molina","CT","South Seanmouth","435 Faulkner Island",57150,11488865076627,"annetteparsons@hotmail.com","2020-11-20 20:47:50","2020-11-20 20:47:50",12,16411
46,"Rachel","Green","KY","West Stephanie","93847 Wilson Centers Suite 454",55503,592346527163904,"quinnbrenda@yahoo.com","2020-11-20 20:47:50","2020-11-20 20:47:50",10,16412
47,"Thomas","Mercer","CT","East Rhondaberg","38962 Alison Mount Apt. 809",6981,4109006095,"tcarlson@yahoo.com","2020-11-20 20:47:50","2020-11-20 20:47:50",2,16414
48,"Dawn","Taylor","DC","North Davidberg","1949 Aguirre Drives Apt. 078",55996,160495455283965,"sean60@hotmail.com","2020-11-20 20:47:50","2020-11-20 20:47:50",8,16415
49,"Daniel","Anderson","AL","Nicholashaven","5114 Jason Garden",93599,17232525145,"hjohnson@yahoo.com","2020-11-20 20:47:50","2020-11-20 20:47:50",21,16416
50,"Robert","Shannon","TX","Johnstonstad","9148 Lloyd Walk Suite 270",20667,1417235188536428,"broach@yahoo.com","2020-11-20 20:47:50","2020-11-20 20:47:50",19,16417
51,"Robin","Dennis","OR","West Anita","5322 Amanda Mill",30048,190371908804427,"wmartinez@yahoo.com","2020-11-20 20:47:50","2020-11-20 20:47:50",6,16418
52,"Chad","Wilkinson","IA","Brianview","51749 Wu Motorway",44389,68587754731121,"simserika@gmail.com","2020-11-20 20:47:50","2020-11-20 20:47:50",19,16419
53,"Erin","Fox","GA","North Jonathan","4009 Jesse Fork",86929,15572105080780,"robertporter@hotmail.com","2020-11-20 20:47:50","2020-11-20 20:47:50",16,16420
54,"Guy","Dunn","UT","North Shanestad","020 Anderson Lakes",30389,1992310042806239,"brianroach@yahoo.com","2020-11-20 20:47:50","2020-11-20 20:47:50",17,16421
55,"Mrs.","Christine","AK","Courtneyberg","16502 Kent Plain",62329,25923549931611,"doyleandrew@hotmail.com","2020-11-20 20:47:50","2020-11-20 20:47:50",19,16422
56,"Whitney","Nguyen","SD","Lake Noah","8946 Lowe Parkways",88581,19683903720731,"ywilliams@gmail.com","2020-11-20 20:47:50","2020-11-20 20:47:50",21,16423
57,"Joshua","Jenkins","DE","Port Deanna","398 Wesley Centers Apt. 494",11356,5668223518,"hunterjoshua@gmail.com","2020-11-20 20:47:50","2020-11-20 20:47:50",18,16424
58,"Phillip","Jones","OK","Smithchester","2180 Cole Rapid Apt. 260",55699,15760427317,"alexandriamejia@gmail.com","2020-11-20 20:47:50","2020-11-20 20:47:50",19,16425
59,"Cameron","Gilbert","CO","West Kimberly","4482 Williams Prairie Apt. 158",91462,5384556776398,"gregory70@gmail.com","2020-11-20 20:47:50","2020-11-20 20:47:50",20,16426
60,"Joanna","Yu","OR","Port William","29502 Jones Club",6269,12576237773722,"patricialane@gmail.com","2020-11-20 20:47:50","2020-11-20 20:47:50",5,16427
61,"Christopher","Fischer","NC","Bakerside","26390 Baker Wall Apt. 651",37268,820301702096847,"bcrosby@yahoo.com","2020-11-20 20:47:50","2020-11-20 20:47:50",12,16428
62,"Jocelyn","Ortiz","RI","Burnsbury","757 Crystal Avenue",13819,120825711537013,"josephblankenship@hotmail.com","2020-11-20 20:47:50","2020-11-20 20:47:50",6,16429
63,"Shelby","Martinez","WA","Alexandermouth","67134 Diaz Gardens",23729,2738115316,"gina96@gmail.com","2020-11-20 20:47:50","2020-11-20 20:47:50",8,16430
64,"Gina","Carter","SD","East Darrellton","6820 Charles Rapid Apt. 823",99908,9013290025,"imurillo@gmail.com","2020-11-20 20:47:50","2020-11-20 20:47:50",21,16434
65,"Catherine","Glenn","AZ","Lake Melanie","852 David Shoals",97090,107497928370381,"jacksonjohn@yahoo.com","2020-11-20 20:47:50","2020-11-20 20:47:50",21,16435
66,"John","Fisher","LA","Elizabethstad","12369 Clayton Falls",27189,3795354709,"morganlaura@hotmail.com","2020-11-20 20:47:50","2020-11-20 20:47:50",16,16436
67,"Kim","Chen","ND","Mooreburgh","154 Daniels Ridge",65009,56907355869162,"griley@hotmail.com","2020-11-20 20:47:50","2020-11-20 20:47:50",7,16437
68,"Tracy","Miller","RI","West Laurenhaven","25184 Samantha Grove",74261,521628189819602,"carrollchelsea@hotmail.com","2020-11-20 20:47:50","2020-11-20 20:47:50",22,16438
69,"Sean","Dawson","MI","North Julie","4785 Russell Glens",58859,3192034891,"stewarteric@yahoo.com","2020-11-20 20:47:50","2020-11-20 20:47:50",9,16439
70,"Joshua","Lewis","TX","West Moniqueland","04371 Jessica Knolls Apt. 805",30366,78212612546270,"thomascarter@hotmail.com","2020-11-20 20:47:50","2020-11-20 20:47:50",13,16440
71,"Jennifer","Williams","NE","New Johnny","53399 Stephanie Shoal",40742,73554608731833,"tayloranthony@yahoo.com","2020-11-20 20:47:50","2020-11-20 20:47:50",14,16441
72,"Leslie","Torres","WA","Irwintown","238 Freeman Flats Suite 489",3590,913848518138775,"grose@gmail.com","2020-11-20 20:47:50","2020-11-20 20:47:50",8,16443
73,"Taylor","Garcia","MT","Port Williamchester","935 Morris Ville Suite 316",61810,12046957391,"bergsheila@yahoo.com","2020-11-20 20:47:50","2020-11-20 20:47:50",1,16445
74,"Raven","Morrison","FL","Kellyhaven","66074 Booth Islands Suite 499",28877,89058678478151,"grahamashley@hotmail.com","2020-11-20 20:47:50","2020-11-20 20:47:50",15,16446
75,"Samuel","Chambers","NY","New Karl","958 Paula Highway",19908,2694523243,"jennifer21@yahoo.com","2020-11-20 20:47:50","2020-11-20 20:47:50",9,16447
76,"Amanda","Hernandez","ID","New Ericaton","0781 Martinez Station",44072,135458282478217,"christine10@yahoo.com","2020-11-20 20:47:50","2020-11-20 20:47:50",2,16448
77,"Jeff","Landry","IA","West Kenneth","3209 Danielle Mill",61930,10968781897,"mross@gmail.com","2020-11-20 20:47:50","2020-11-20 20:47:50",17,16449
78,"Jerome","Jackson","UT","North Ariana","7332 Kim Street",16852,15666587452873,"tamara44@gmail.com","2020-11-20 20:47:50","2020-11-20 20:47:50",15,16450
79,"Michelle","Jones","MS","Jensenbury","86667 Andre Mills",61736,8922247607179,"austin25@hotmail.com","2020-11-20 20:47:50","2020-11-20 20:47:50",9,16455
80,"Robert","Jenkins","MO","Lake Johnmouth","729 Jason Harbor Suite 426",68199,1446651921526037,"codyhart@yahoo.com","2020-11-20 20:47:50","2020-11-20 20:47:50",16,16456
81,"Eric","Martinez","AZ","South Jessicaview","016 Scott Roads",23876,14082700906393,"gstewart@hotmail.com","2020-11-20 20:47:50","2020-11-20 20:47:50",11,16460
82,"Matthew","Oneill","FL","North Jamesmouth","765 Samuel Fork",84277,2117304767353,"allenkristina@gmail.com","2020-11-20 20:47:50","2020-11-20 20:47:50",10,16461
83,"Olivia","Bryan","DC","Christopherfurt","1948 Theresa Parkways",96796,964996384631653,"ruben94@yahoo.com","2020-11-20 20:47:50","2020-11-20 20:47:50",19,16463
84,"Michael","Roy","NC","Andersonborough","817 Daniel Point Apt. 885",82547,8000193140,"samanthalee@hotmail.com","2020-11-20 20:47:50","2020-11-20 20:47:50",7,16464
85,"Julie","Graves","KS","Jeffville","11827 Smith Extension",17808,671074535537486,"jeffrey56@yahoo.com","2020-11-20 20:47:50","2020-11-20 20:47:50",9,16466
86,"Angela","Cunningham","CA","Boydtown","184 Thomas Via",81651,18078926126384,"jeff82@yahoo.com","2020-11-20 20:47:50","2020-11-20 20:47:50",18,16467
87,"Steven","Kim","IA","West Josephton","55442 Hart Radial Apt. 895",74288,1130831238083131,"davidbyrd@hotmail.com","2020-11-20 20:47:50","2020-11-20 20:47:50",1,16468
88,"Randy","Smith","CA","West Jennifermouth","715 Joshua Row",98527,72288527907672,"bradleysanchez@hotmail.com","2020-11-20 20:47:50","2020-11-20 20:47:50",1,16470
89,"Tammy","Marshall","NM","East Kimberly","951 Lowe Flat Apt. 440",35804,21046382928433,"julie80@gmail.com","2020-11-20 20:47:50","2020-11-20 20:47:50",20,16471
90,"Debra","Chung","OK","Alexanderfort","1318 Taylor Unions Suite 979",41735,749553899,"clarktodd@gmail.com","2020-11-20 20:47:50","2020-11-20 20:47:50",8,16473
91,"David","Ryan","IL","North Russell","971 Rebecca Lakes Apt. 845",87299,15826899592,"gmcfarland@yahoo.com","2020-11-20 20:47:50","2020-11-20 20:47:50",1,16474
92,"Melanie","Harmon","CT","Mejiatown","20623 Vazquez Ridge",2671,18288467095,"millerkaitlyn@gmail.com","2020-11-20 20:47:50","2020-11-20 20:47:50",14,16475
93,"Emily","Daniels","WI","Port Dylan","9652 Mejia Corners",61499,5033498151,"jacqueline50@gmail.com","2020-11-20 20:47:50","2020-11-20 20:47:50",13,16476
94,"Timothy","Hanson","ID","Cookport","614 Victoria Alley Suite 832",15474,946363019178884,"colin06@hotmail.com","2020-11-20 20:47:50","2020-11-20 20:47:50",9,16477
95,"Phillip","Thompson","SD","South Kristinaberg","733 Lisa Trace Apt. 503",73681,761770645166019,"cherylmitchell@gmail.com","2020-11-20 20:47:50","2020-11-20 20:47:50",15,16479
96,"Julie","Hines","NJ","North Kristina","341 John Junction Apt. 868",81276,400121352255936,"grayeric@yahoo.com","2020-11-20 20:47:50","2020-11-20 20:47:50",2,16480
97,"Edward","Williams","CT","Port Raven","87809 Sanchez Viaduct",51568,3603670152,"gmccann@hotmail.com","2020-11-20 20:47:50","2020-11-20 20:47:50",7,16483
98,"Dominic","Johnson","LA","Debbieberg","1838 Tyler Bypass",38985,4996526913,"clarktanya@yahoo.com","2020-11-20 20:47:50","2020-11-20 20:47:50",12,16484
99,"Jacqueline","Stephens","AZ","Kathleenchester","0851 Daniel Park",79903,6867911636186,"vjones@hotmail.com","2020-11-20 20:47:50","2020-11-20 20:47:50",15,16485
100,"Sara","Juarez","MT","South Hannah","2668 Jones Orchard Apt. 577",94397,10728633904777,"xnguyen@hotmail.com","2020-11-20 20:47:50","2020-11-20 20:47:50",19,16487
101,"Michael","Hill","IN","South Gregory","16735 Gutierrez Ridge",90357,443213400101419,"bgreen@hotmail.com","2020-11-20 20:47:50","2020-11-20 20:47:50",2,16488
102,"Natalie","Williams","WV","Port Chadfurt","146 Jennifer View Apt. 765",42814,1803589640,"jonathanwoods@yahoo.com","2020-11-20 20:47:50","2020-11-20 20:47:50",15,16489
103,"Luke","Rogers","OK","West Chadburgh","8185 Natalie Stream",91540,792164324391317,"craig27@yahoo.com","2020-11-20 20:47:50","2020-11-20 20:47:50",22,16490
104,"Taylor","Morris","UT","Flemingmouth","31437 Patton Harbors",23615,5135923929206,"walkerbrian@hotmail.com","2020-11-20 20:47:50","2020-11-20 20:47:50",14,16491
105,"Elijah","Smith","MT","Lorishire","8192 Drew Meadow",56478,5624924586,"monroealexander@hotmail.com","2020-11-20 20:47:50","2020-11-20 20:47:50",15,16492
106,"Bridget","Cox","WA","Johnshire","498 Charles Roads",55927,9516685104525,"evanssara@gmail.com","2020-11-20 20:47:50","2020-11-20 20:47:50",1,16493
107,"Sarah","Vega","AK","Fosterburgh","2273 Higgins Plains",38233,553364446976172,"angela51@hotmail.com","2020-11-20 20:47:50","2020-11-20 20:47:50",5,16494
108,"Jacob","Norris","MA","Alvaradoburgh","6587 Baker Burgs Apt. 327",92095,149386028582914,"nbullock@hotmail.com","2020-11-20 20:47:50","2020-11-20 20:47:50",21,16495
109,"Tyler","Petersen","MT","Abigailberg","9999 Torres Highway Apt. 490",30469,1577567613,"phillipsjames@hotmail.com","2020-11-20 20:47:50","2020-11-20 20:47:50",6,16496
110,"Tim","Brown","SD","South Dianatown","5970 Hodges Lane",27282,9928718167,"dixondon@yahoo.com","2020-11-20 20:47:50","2020-11-20 20:47:50",18,16497
111,"Edward","Cox","CO","East Samanthatown","6983 Rodriguez Pine Apt. 336",64128,146944490979429,"pvelez@gmail.com","2020-11-20 20:47:50","2020-11-20 20:47:50",21,16499
112,"Brian","Waters","IL","Lake Brandonport","107 Thompson Alley",50804,7157421041,"heathergonzalez@gmail.com","2020-11-20 20:47:50","2020-11-20 20:47:50",17,16502
113,"Shannon","Mccall","MN","Jasonchester","143 Wilson Turnpike Suite 110",38074,18902207737415,"bsingh@hotmail.com","2020-11-20 20:47:50","2020-11-20 20:47:50",14,16503
114,"Kelly","Cooper","AZ","Robertsberg","533 Rios Wall Apt. 662",57678,558178285724439,"qsnyder@gmail.com","2020-11-20 20:47:50","2020-11-20 20:47:50",8,16504
115,"Mario","Knox","RI","Davidsonshire","831 Valerie Summit",44888,8886457443335,"rachelbailey@hotmail.com","2020-11-20 20:47:50","2020-11-20 20:47:50",11,16506
116,"Andrew","Sims","IA","Lake Thomas","323 Garner Wall",24335,4434929555582,"atucker@gmail.com","2020-11-20 20:47:50","2020-11-20 20:47:50",20,16507
117,"Oscar","Terry","NJ","Port Chadport","76805 Reid Spurs Apt. 184",70544,1014136123,"xmichael@yahoo.com","2020-11-20 20:47:50","2020-11-20 20:47:50",1,16509
118,"Ashley","Browning","RI","Lake Steven","98577 Vazquez Ports Apt. 005",30850,70582659578369,"hgeorge@yahoo.com","2020-11-20 20:47:50","2020-11-20 20:47:50",5,16510
119,"Angel","Thomas","ME","Jaredstad","01041 Gardner Ville Apt. 924",62267,10618353222,"tyler67@hotmail.com","2020-11-20 20:47:50","2020-11-20 20:47:50",15,16511
120,"Shannon","Watkins","OH","Mooreborough","23938 Garcia Creek",77472,3132374661,"johntorres@gmail.com","2020-11-20 20:47:50","2020-11-20 20:47:50",11,16515
121,"Robert","Donaldson","NV","East Coreybury","4441 Hernandez Skyway",22720,7817159891,"carolberry@gmail.com","2020-11-20 20:47:50","2020-11-20 20:47:50",15,16516
122,"Stephanie","Rowe","ME","East Markport","9039 Ashley Way",43753,14669822502,"rgaines@hotmail.com","2020-11-20 20:47:50","2020-11-20 20:47:50",12,16517
123,"Raymond","Carter","ND","Mendozaport","9626 Deborah Ports",93448,9696014658,"wudonald@hotmail.com","2020-11-20 20:47:50","2020-11-20 20:47:50",8,16518
124,"Vicki","Brown","AZ","Guerreromouth","630 Brian Extensions",56367,2003885327219,"jpeck@yahoo.com","2020-11-20 20:47:50","2020-11-20 20:47:50",8,16519
125,"Jacqueline","Conner","NH","East Jeffrey","134 Kimberly Orchard Apt. 419",51814,2839728643,"scottmatthew@yahoo.com","2020-11-20 20:47:50","2020-11-20 20:47:50",21,16521
126,"Dave","Torres","MS","New Michelleside","070 Bird Falls Suite 551",26135,2099109918,"rebecca38@gmail.com","2020-11-20 20:47:50","2020-11-20 20:47:50",17,16522
127,"Cheryl","Walsh","DC","North Katrinaburgh","2826 Crystal Orchard",8111,4116994443,"freemansusan@gmail.com","2020-11-20 20:47:50","2020-11-20 20:47:50",19,16523
128,"Timothy","Hall","IA","West Juliamouth","867 Bauer Glen",36471,650279490276169,"cynthia16@yahoo.com","2020-11-20 20:47:50","2020-11-20 20:47:50",1,16524
129,"Megan","Daniels","WI","New Alyssaburgh","431 Bryan Walks",4444,80523962756388,"regina81@gmail.com","2020-11-20 20:47:50","2020-11-20 20:47:50",20,16525
130,"Brian","Lopez","VT","Robertport","801 Williams Station",1282,9192841187960,"gandrews@gmail.com","2020-11-20 20:47:50","2020-11-20 20:47:50",10,16526
131,"Amy","Hernandez","NC","Lake Jennifer","6471 Crystal Route",15173,212379487177409,"munozrachel@yahoo.com","2020-11-20 20:47:50","2020-11-20 20:47:50",13,16527
132,"Victoria","Parsons","ND","Gilbertstad","383 Sarah Extension Apt. 954",15681,5784627564,"arthur59@gmail.com","2020-11-20 20:47:50","2020-11-20 20:47:50",11,16528
133,"Amanda","Johnson","VA","South Darren","32142 Harmon Locks",32842,1194556177,"kdonovan@hotmail.com","2020-11-20 20:47:50","2020-11-20 20:47:50",1,16529
134,"Cindy","Walker","ID","East Lisa","7774 Kevin Station",52209,139678773998023,"ihill@hotmail.com","2020-11-20 20:47:50","2020-11-20 20:47:50",1,16530
135,"Kathryn","Morrison","TX","Bryanstad","17122 Daniel Path",95581,170318318241420,"andrewleonard@hotmail.com","2020-11-20 20:47:50","2020-11-20 20:47:50",18,16532
136,"David","Guzman","NH","Joanchester","79519 Burns Key Apt. 347",30439,7640317209,"marvin68@gmail.com","2020-11-20 20:47:50","2020-11-20 20:47:50",16,16533
137,"Ryan","Walters","NC","Toddstad","069 Robert Pine",9324,4911349699337,"davidarnold@gmail.com","2020-11-20 20:47:50","2020-11-20 20:47:50",14,16534
138,"William","Hogan","IL","Josephbury","40583 Clark Gateway",29550,8207765310469,"hdennis@yahoo.com","2020-11-20 20:47:50","2020-11-20 20:47:50",13,16535
139,"Edward","Greene","OR","New Benjaminton","40171 David Squares Apt. 073",18579,263562210,"tchambers@hotmail.com","2020-11-20 20:47:50","2020-11-20 20:47:50",10,16536
140,"Rebecca","Joseph","HI","West Jane","569 Briggs Knoll",74193,928674305742215,"zcurry@gmail.com","2020-11-20 20:47:50","2020-11-20 20:47:50",20,16537
141,"Susan","Mora","NM","Gentrybury","0374 Odonnell Heights",4491,660430218917305,"jennifer73@hotmail.com","2020-11-20 20:47:50","2020-11-20 20:47:50",13,16538
142,"Kyle","Jones","MD","Janefort","951 David Coves Suite 196",69781,164612484456788,"james41@gmail.com","2020-11-20 20:47:50","2020-11-20 20:47:50",12,16539
143,"Terry","Bernard","LA","Port Isaac","270 Smith Haven Apt. 539",78575,3588042800,"oalvarez@yahoo.com","2020-11-20 20:47:50","2020-11-20 20:47:50",10,16540
144,"Crystal","Carter","ME","New Megan","0808 Hill Ridge",88903,895500074105113,"christopher22@gmail.com","2020-11-20 20:47:50","2020-11-20 20:47:50",7,16541
145,"Sara","Collins","PA","North Josephmouth","42636 Madden Crescent Apt. 114",63124,12193739390,"carterangelica@yahoo.com","2020-11-20 20:47:50","2020-11-20 20:47:50",16,16542
146,"Jasmine","Sims","MD","Lake Omarfurt","47632 Bailey Mews Apt. 095",79248,2409023733,"bradleyrichard@hotmail.com","2020-11-20 20:47:50","2020-11-20 20:47:50",6,16543
147,"Taylor","Wilcox","MD","Tamarastad","4483 Anderson Wells",15471,3879960848670,"john32@gmail.com","2020-11-20 20:47:50","2020-11-20 20:47:50",21,16544
148,"Angel","Fernandez","NH","East Katherineberg","79433 Mitchell Estates Suite 720",69033,567636389913238,"wilkinsjoan@yahoo.com","2020-11-20 20:47:50","2020-11-20 20:47:50",22,16545
149,"Dwayne","Hernandez","SD","Lake Christopherland","21463 Melissa Rapid Apt. 700",7178,95219758491095,"williamselizabeth@yahoo.com","2020-11-20 20:47:50","2020-11-20 20:47:50",9,16546
150,"Robin","Clark","WV","Nicoleborough","3277 Patrick Radial",95583,121381694979650,"dennisdavenport@yahoo.com","2020-11-20 20:47:50","2020-11-20 20:47:50",15,16547
151,"Pamela","Doyle","NY","New Jasonland","9244 Elizabeth Highway Apt. 009",5785,414380196086858,"qmeyer@gmail.com","2020-11-20 20:47:50","2020-11-20 20:47:50",21,16549
152,"Miranda","Smith","MN","Joshuamouth","656 Walton Mount",34035,1969502535427952,"olivergregory@gmail.com","2020-11-20 20:47:50","2020-11-20 20:47:50",8,16551
153,"Robert","Sharp","WV","Pamelaberg","0737 Santos Mount Suite 533",41206,8934382552,"greenmiranda@gmail.com","2020-11-20 20:47:50","2020-11-20 20:47:50",13,16552
154,"Robert","Griffin","FL","West Matthewville","938 Matthew Trail",68315,27378874823341,"amy95@hotmail.com","2020-11-20 20:47:50","2020-11-20 20:47:50",11,16553
155,"Heather","Norris","MT","Catherineland","36142 Savannah Garden",19514,196097019461551,"lshaw@yahoo.com","2020-11-20 20:47:50","2020-11-20 20:47:50",17,16555
156,"Daniel","Evans","NM","New Davidtown","1845 Hernandez Roads Apt. 721",17014,7802845831,"mark39@yahoo.com","2020-11-20 20:47:50","2020-11-20 20:47:50",19,16556
157,"Andres","Shelton","LA","Mcmillanhaven","571 Donald Lodge Suite 350",41697,57018771637810,"jyoder@gmail.com","2020-11-20 20:47:50","2020-11-20 20:47:50",21,16557
158,"Melissa","Golden","NE","South Sherristad","01047 Cristina Haven Suite 910",33432,13510638999,"mfowler@yahoo.com","2020-11-20 20:47:50","2020-11-20 20:47:50",15,16558
159,"Madison","Campos","WV","Gonzalezville","92075 Stephen Plaza Suite 633",44016,18284028736595,"floreszachary@gmail.com","2020-11-20 20:47:50","2020-11-20 20:47:50",20,16559
160,"Jamie","Trujillo","MI","Staciemouth","93644 Laura Mount",62343,5721777603745,"alexandermoore@gmail.com","2020-11-20 20:47:50","2020-11-20 20:47:50",19,16560
161,"Joseph","Williams","OK","Debramouth","600 Fox Shoals",32528,589398292,"griffinjennifer@hotmail.com","2020-11-20 20:47:50","2020-11-20 20:47:50",16,16561
162,"Michael","Yates","AR","North Justin","4855 Rodriguez Bridge Apt. 290",68889,4437244313384,"maciastimothy@hotmail.com","2020-11-20 20:47:50","2020-11-20 20:47:50",13,16562
163,"Sharon","Reid","NV","Lake Lucasshire","28920 Campbell Road",64017,1534890857988,"kochrandy@hotmail.com","2020-11-20 20:47:50","2020-11-20 20:47:50",12,16563
164,"Jonathan","Stewart","WI","New Stephanie","4812 Madison Throughway Apt. 426",50100,2431698980341,"mullinsjennifer@hotmail.com","2020-11-20 20:47:50","2020-11-20 20:47:50",14,16564
165,"Sandra","Lopez","WY","Cheyenneburgh","624 Emily Trafficway",28871,6176312646,"susan20@hotmail.com","2020-11-20 20:47:50","2020-11-20 20:47:50",6,16567
166,"Emily","Williams","DC","Maciasberg","324 Brown Orchard Apt. 538",46645,5185660714,"wwalton@hotmail.com","2020-11-20 20:47:50","2020-11-20 20:47:50",22,16568
167,"Amy","Miller","AL","Port Kevin","80700 Leslie Flat Apt. 991",81286,9178581524781,"shaneferguson@hotmail.com","2020-11-20 20:47:50","2020-11-20 20:47:50",6,16569
168,"Jacob","Tapia","OR","South Leslieborough","144 Albert Stravenue",81236,134189060257408,"mccoyjennifer@gmail.com","2020-11-20 20:47:50","2020-11-20 20:47:50",19,16570
169,"Steven","Wilson","VA","New Stephen","968 Hernandez Junctions",40238,19511972829512,"washingtonalicia@hotmail.com","2020-11-20 20:47:51","2020-11-20 20:47:51",22,16571
170,"Jason","Fletcher","WA","New Vanessa","5709 Veronica Coves",88539,727424276994662,"davisbrandon@hotmail.com","2020-11-20 20:47:51","2020-11-20 20:47:51",6,16572
171,"Robin","Adams","SC","Gonzalezborough","98884 Dillon Springs",28356,3770413497,"cgray@gmail.com","2020-11-20 20:47:51","2020-11-20 20:47:51",14,16573
172,"Don","Braun","IN","Port Richardton","34320 Baker Neck Apt. 793",63400,4808850496,"sandra18@yahoo.com","2020-11-20 20:47:51","2020-11-20 20:47:51",17,16574
173,"Rebecca","Stewart","DC","Chelseastad","686 Daniel Rapid Suite 071",91646,37862268531664,"annaschmidt@yahoo.com","2020-11-20 20:47:51","2020-11-20 20:47:51",5,16575
174,"Anthony","Wilkinson","AZ","South Kevin","393 Kevin Pine",67631,18210761808358,"fieldskathleen@yahoo.com","2020-11-20 20:47:51","2020-11-20 20:47:51",22,16576
175,"Michael","Alvarado","KY","Reyesport","6312 Christensen Trail Apt. 604",51690,13492834638,"amandashields@yahoo.com","2020-11-20 20:47:51","2020-11-20 20:47:51",17,16577
176,"Jason","Torres","TN","West Billyland","274 Jeremy Pike Suite 165",15176,14704693967395,"robersonjames@hotmail.com","2020-11-20 20:47:51","2020-11-20 20:47:51",20,16578
177,"Donna","Jones","ID","Allenberg","085 Myers Valley Apt. 564",38814,531414838833887,"angieboyd@gmail.com","2020-11-20 20:47:51","2020-11-20 20:47:51",20,16579
178,"Brenda","Mendoza","MS","Lake Kevin","97115 Andre Summit",33396,2163475289,"robynhart@hotmail.com","2020-11-20 20:47:51","2020-11-20 20:47:51",21,16582
179,"Aaron","Price","FL","Robertsonton","51761 Cindy Loaf Apt. 643",8581,54640569635353,"joneschelsea@gmail.com","2020-11-20 20:47:51","2020-11-20 20:47:51",18,16583
180,"Valerie","Pitts","MA","Powellton","144 Livingston Spur Apt. 086",51433,2004758772653,"jonesandrea@yahoo.com","2020-11-20 20:47:51","2020-11-20 20:47:51",15,16584
181,"Maria","Figueroa","UT","Port Deborah","22464 Michelle Radial",83040,135735088477777,"richardsonrebecca@gmail.com","2020-11-20 20:47:51","2020-11-20 20:47:51",10,16586
182,"Raymond","Haas","NY","Port Richardmouth","69188 Michelle Squares Suite 658",66085,1103627768079722,"scotthall@gmail.com","2020-11-20 20:47:51","2020-11-20 20:47:51",9,16588
183,"Darlene","Kelley","OR","East Anna","3636 Sellers Locks Suite 126",10513,945765693400,"jonathon97@gmail.com","2020-11-20 20:47:51","2020-11-20 20:47:51",14,16589
184,"Amanda","Guerrero","NJ","West Juliestad","74148 Ricky Overpass",15100,19300603752754,"levalerie@gmail.com","2020-11-20 20:47:51","2020-11-20 20:47:51",14,16590
185,"Raymond","Morgan","TN","Weberland","23684 Higgins Branch Suite 913",46865,56830063404678,"ucunningham@hotmail.com","2020-11-20 20:47:51","2020-11-20 20:47:51",18,16591
186,"Krystal","Williams","OK","Port Eileen","3814 Evans Manors",8543,1621643509960176,"taylor87@yahoo.com","2020-11-20 20:47:51","2020-11-20 20:47:51",2,16592
187,"Jessica","Brown","WA","West Thomasfort","916 Heather Camp Suite 792",94009,5783601283,"krystal08@gmail.com","2020-11-20 20:47:51","2020-11-20 20:47:51",8,16593
188,"Desiree","Hays","MA","Lake Catherinestad","11340 Kimberly Road Suite 445",46961,1596472413405981,"coreywaters@hotmail.com","2020-11-20 20:47:51","2020-11-20 20:47:51",7,16594
189,"Brittany","Frazier","CO","Dillonbury","7650 Johnson Shores",42904,196978645195126,"danielle62@gmail.com","2020-11-20 20:47:51","2020-11-20 20:47:51",10,16596
190,"David","Owens","OR","Loritown","441 Oliver Field Suite 727",66648,6973511843390,"patrick91@yahoo.com","2020-11-20 20:47:51","2020-11-20 20:47:51",5,16599
191,"Lisa","Reeves","UT","Thomasmouth","565 Miller Ford Suite 663",47328,5582710622,"ronniebarber@hotmail.com","2020-11-20 20:47:51","2020-11-20 20:47:51",15,16600
192,"Michael","Calhoun","AL","East Amandashire","923 Lee Turnpike Suite 609",77492,27331194908956,"tcameron@gmail.com","2020-11-20 20:47:51","2020-11-20 20:47:51",10,16601
193,"Nicholas","Bowman","WY","West Carrie","20094 Leblanc Union",52012,5443170659,"kyleross@gmail.com","2020-11-20 20:47:51","2020-11-20 20:47:51",20,16602
194,"Gabriella","Griffin","NY","Gibsonshire","1660 White Flat",82659,1131646015810092,"prattnancy@hotmail.com","2020-11-20 20:47:51","2020-11-20 20:47:51",22,16604
195,"Angela","Macdonald","TX","North Joseph","0819 Ross Lock",2286,63002085443647,"cjohnson@hotmail.com","2020-11-20 20:47:51","2020-11-20 20:47:51",14,16605
196,"Brandon","White","WI","Leeport","030 Michelle Drive Apt. 399",73787,352132760568760,"rebeccamayo@gmail.com","2020-11-20 20:47:51","2020-11-20 20:47:51",13,16606
197,"Bryan","Mitchell","NY","New Brittany","283 Moore Manors",97007,8987930733,"westjonathan@yahoo.com","2020-11-20 20:47:51","2020-11-20 20:47:51",13,16607
198,"Jordan","Mendez","ID","Larsenshire","008 Reed Station",94222,172818093386666,"chase12@gmail.com","2020-11-20 20:47:51","2020-11-20 20:47:51",13,16610
199,"Michael","Martin","NE","Port Jacob","55274 Cook Plain Apt. 018",95003,12010313476,"thorton@hotmail.com","2020-11-20 20:47:51","2020-11-20 20:47:51",18,16612
200,"Justin","Graham","SD","Bruceburgh","57140 Jackson Plaza Suite 854",19770,16483464978,"daniel51@hotmail.com","2020-11-20 20:47:51","2020-11-20 20:47:51",8,16613
201,"Nathan","Bruce","OR","East Timothyton","638 Jordan Forest Apt. 873",13023,146081507698494,"sarahvega@yahoo.com","2020-11-20 20:47:51","2020-11-20 20:47:51",20,16615
202,"Mr.","Aaron","MO","West Jon","0634 Harding Circle Suite 305",73426,1571397384027655,"cassandracosta@gmail.com","2020-11-20 20:47:51","2020-11-20 20:47:51",7,16616
203,"Yolanda","Casey","ME","Lake Thomas","4267 Garcia Junctions Apt. 194",97247,7504031178,"krivera@hotmail.com","2020-11-20 20:47:51","2020-11-20 20:47:51",12,16618
204,"Charles","West","NM","South Erica","39587 Nicholas Walks Apt. 883",26358,3777080324,"vmiller@hotmail.com","2020-11-20 20:47:51","2020-11-20 20:47:51",13,16621
205,"Maria","Green","MD","Martintown","1312 Pearson Loaf",62985,7462147201232,"patrick18@hotmail.com","2020-11-20 20:47:51","2020-11-20 20:47:51",5,16622
206,"Michael","Sullivan","VA","Davilabury","635 Jessica Glen",20259,4580541869705,"valerie71@yahoo.com","2020-11-20 20:47:51","2020-11-20 20:47:51",8,16624
207,"Donna","Martinez","TX","Donaldside","9186 Gilmore Prairie Suite 418",1784,303715125057,"rhonda11@hotmail.com","2020-11-20 20:47:51","2020-11-20 20:47:51",20,16625
208,"Kimberly","Gilbert","NV","Claytonmouth","0221 Berry Inlet Apt. 322",57278,25634919386711,"juliamcdonald@gmail.com","2020-11-20 20:47:51","2020-11-20 20:47:51",21,16629
209,"Virginia","Duffy","AR","Katieberg","273 Bowman Course",10835,8732389648,"elizabethmoss@hotmail.com","2020-11-20 20:47:51","2020-11-20 20:47:51",8,16630
210,"Megan","Lee","WI","Andersonberg","51275 Gordon Dale",37571,892398258028420,"austinluke@hotmail.com","2020-11-20 20:47:51","2020-11-20 20:47:51",10,16631
211,"Daniel","White","DC","North Judithfurt","935 Rodriguez Coves Apt. 598",84521,14378376495,"albert83@yahoo.com","2020-11-20 20:47:51","2020-11-20 20:47:51",15,16632
212,"Travis","Davis","MD","North Christopherstad","303 Anderson Point Apt. 319",47545,6129279445,"velasquezvanessa@hotmail.com","2020-11-20 20:47:51","2020-11-20 20:47:51",12,16633
213,"Tyler","Johnson","MO","Lake Michelefurt","00696 Ramirez Groves",72192,629086179,"singhtracy@gmail.com","2020-11-20 20:47:51","2020-11-20 20:47:51",14,16634
214,"Hailey","Shaw","ME","North Sandra","25175 Calvin Springs Suite 109",40134,130871613569000,"donald14@hotmail.com","2020-11-20 20:47:51","2020-11-20 20:47:51",6,16636
215,"Karl","Chandler","CT","North Ethanside","5644 Gerald Highway Apt. 734",38191,590615083313189,"michaelmoore@yahoo.com","2020-11-20 20:47:51","2020-11-20 20:47:51",21,16637
216,"Larry","Roberts","NJ","Lake Catherineland","601 Rodriguez Walks",29156,4145191785,"hannahperry@yahoo.com","2020-11-20 20:47:51","2020-11-20 20:47:51",20,16638
217,"Cassandra","Terry","AZ","Paulville","63771 Soto Road",48559,654472459949137,"abigail02@hotmail.com","2020-11-20 20:47:51","2020-11-20 20:47:51",1,16639
218,"Tracy","Hart","MT","Thomasfurt","311 Robertson Prairie",98954,9528819866,"martinterrance@gmail.com","2020-11-20 20:47:51","2020-11-20 20:47:51",8,16640
219,"Laura","Donovan","LA","Lake Danielmouth","0730 Natalie Villages",15328,1208725260238510,"randall38@hotmail.com","2020-11-20 20:47:51","2020-11-20 20:47:51",16,16643
220,"Brandon","Byrd","TX","Jacquelineburgh","7078 Tonya Lakes",74288,116399888339890,"colleen79@yahoo.com","2020-11-20 20:47:51","2020-11-20 20:47:51",7,16644
221,"Lindsey","Oconnell","NE","Port Marie","551 James Avenue Suite 616",44388,8051459292,"christophermitchell@gmail.com","2020-11-20 20:47:51","2020-11-20 20:47:51",9,16645
222,"Ashley","Anthony","MT","Port Thomas","257 James Wall Suite 691",24720,19807143404863,"tina74@hotmail.com","2020-11-20 20:47:51","2020-11-20 20:47:51",17,16646
223,"Jessica","Long","SD","Nicholemouth","054 Jones Shoals",95743,176647473334702,"kelly91@gmail.com","2020-11-20 20:47:51","2020-11-20 20:47:51",16,16647
224,"Julia","Sanders","ID","Hernandezton","562 Wendy Fort",76186,3572481468,"aaron27@gmail.com","2020-11-20 20:47:51","2020-11-20 20:47:51",7,16648
225,"Darren","Harrison","LA","East Jamie","7049 Erin Views",67668,17480564648286,"williamlopez@hotmail.com","2020-11-20 20:47:51","2020-11-20 20:47:51",22,16650
226,"Holly","Chavez","WI","South Alicia","429 Melissa Views Apt. 728",85132,16256023521,"virginiacraig@hotmail.com","2020-11-20 20:47:51","2020-11-20 20:47:51",18,16651
227,"Shawn","Hunt","NC","South Kimberly","310 Miller Rue Apt. 999",21791,927341655672817,"isabelfranco@gmail.com","2020-11-20 20:47:51","2020-11-20 20:47:51",8,16653
228,"Derrick","Walton","VT","West Tina","07069 Salazar Land Suite 821",7524,10469509111,"kirkrachael@gmail.com","2020-11-20 20:47:51","2020-11-20 20:47:51",11,16657
229,"Carol","Robinson","SD","Lake Cassandraborough","60658 Matthews Ranch",8724,9289388755,"racheltrujillo@gmail.com","2020-11-20 20:47:51","2020-11-20 20:47:51",12,16658
230,"Emily","Todd","HI","New Lori","88337 Brown Course Apt. 281",54168,231324321654351,"twoods@yahoo.com","2020-11-20 20:47:51","2020-11-20 20:47:51",10,16659
231,"Kristin","Brown","TN","Lake Jamesborough","28842 Ramirez Walk",62464,6108721448,"dporter@hotmail.com","2020-11-20 20:47:51","2020-11-20 20:47:51",10,16661
232,"Dr.","Danny","OH","New Angela","9139 Reid Mountain",9243,14904205966540,"adamkelley@gmail.com","2020-11-20 20:47:51","2020-11-20 20:47:51",14,16662
233,"Alyssa","Yates","NC","Ramoston","648 Powers Plaza Suite 277",12496,7048636331,"helliott@yahoo.com","2020-11-20 20:47:51","2020-11-20 20:47:51",11,16663
234,"Amber","Anderson","RI","Lake Justinport","976 Christopher Grove Suite 340",62315,182508343069606,"dianagomez@yahoo.com","2020-11-20 20:47:51","2020-11-20 20:47:51",12,16664
235,"Tara","Mcgrath","WI","Lawsonville","64650 Moore Well",81302,922226293681029,"hernandezkyle@hotmail.com","2020-11-20 20:47:51","2020-11-20 20:47:51",9,16665
236,"Cory","Rocha","ND","Lake Jeremyborough","166 Woods Canyon",30265,9044744453,"hbrown@gmail.com","2020-11-20 20:47:51","2020-11-20 20:47:51",1,16666
237,"Hannah","Holloway","CO","East Davidmouth","923 Hannah Meadows",46586,54658474756956,"henrydawn@yahoo.com","2020-11-20 20:47:51","2020-11-20 20:47:51",1,16667
238,"Samuel","Campbell","NJ","North Mariaburgh","142 Reyes Station Suite 384",43829,18852086429,"marvinbrown@gmail.com","2020-11-20 20:47:52","2020-11-20 20:47:52",2,16668
239,"Christina","Rivers","CT","New Alan","00561 Gordon Pass",8990,2751989576,"davisamy@yahoo.com","2020-11-20 20:47:52","2020-11-20 20:47:52",18,16669
240,"Amy","Foster","TX","South Shirley","5654 Lewis Mission Suite 581",23771,16763516126458,"andrea71@yahoo.com","2020-11-20 20:47:52","2020-11-20 20:47:52",21,16670
241,"Brenda","Mendoza","ME","Lake Shawnberg","70126 Willis Lake Apt. 357",97506,7041548359,"coreyharris@yahoo.com","2020-11-20 20:47:52","2020-11-20 20:47:52",20,16671
242,"Devin","Jackson","AK","New Jimmyland","3444 Jessica Knolls",2279,593618923,"garrett14@hotmail.com","2020-11-20 20:47:52","2020-11-20 20:47:52",9,16672
243,"Kenneth","Gonzalez","KY","South Dale","0424 David Lake",6812,9759401697,"jessica68@yahoo.com","2020-11-20 20:47:52","2020-11-20 20:47:52",16,16673
244,"Christina","Rogers","IN","New Sheilashire","90697 Hernandez Fields",90521,94091254614542,"perezbruce@yahoo.com","2020-11-20 20:47:52","2020-11-20 20:47:52",7,16674
245,"Dominique","Gibson","SC","Lake Crystal","178 Joseph Village",28028,164133580237695,"jbeasley@yahoo.com","2020-11-20 20:47:52","2020-11-20 20:47:52",16,16675
246,"Anna","Harrison","WY","Joelchester","8114 Gordon Ports",24992,2129212303,"cheryl63@gmail.com","2020-11-20 20:47:52","2020-11-20 20:47:52",5,16676
247,"Stephanie","Williams","TN","East Mary","236 Allen Square Suite 588",49725,654394980943467,"jeffreyalexander@hotmail.com","2020-11-20 20:47:52","2020-11-20 20:47:52",1,16677
248,"Allison","Wiggins","WV","New Briannabury","183 Daniel Fords Suite 258",2510,9929046754769,"jerrygutierrez@hotmail.com","2020-11-20 20:47:52","2020-11-20 20:47:52",20,16678
249,"James","Floyd","MD","Campbellville","54766 Karen Roads",4741,2696803908,"csaunders@hotmail.com","2020-11-20 20:47:52","2020-11-20 20:47:52",12,16679
250,"Matthew","Donaldson","NY","Port Marytown","77889 Elizabeth Street",92066,290351395767775,"riverarichard@yahoo.com","2020-11-20 20:47:52","2020-11-20 20:47:52",20,16680
251,"David","Perry","AL","Matthewview","44627 Butler Isle Apt. 132",96862,904581912,"jonesnathaniel@yahoo.com","2020-11-20 20:47:52","2020-11-20 20:47:52",5,16683
252,"Edward","Brown","TX","Port Michael","75885 Amy Ways",67449,18483194075,"andrewacevedo@yahoo.com","2020-11-20 20:47:52","2020-11-20 20:47:52",15,16684
253,"Tina","Lewis","VA","Lake Whitneyland","24032 Craig Valley Apt. 457",70351,6321171211,"harpermichael@yahoo.com","2020-11-20 20:47:52","2020-11-20 20:47:52",2,16685
254,"Virginia","Gardner","FL","Garrisonfurt","1254 Wood Fords Suite 584",56019,14094825701439,"mariahthompson@hotmail.com","2020-11-20 20:47:52","2020-11-20 20:47:52",6,16686
255,"Denise","Johnson","MD","South Mariaview","698 Erin Forks",69519,1491438894288382,"walkermichael@hotmail.com","2020-11-20 20:47:52","2020-11-20 20:47:52",2,16689
256,"Janice","Lindsey","LA","East Tina","397 Mcmillan Groves Suite 345",37562,301863440272353,"melissaallen@gmail.com","2020-11-20 20:47:52","2020-11-20 20:47:52",5,16690
257,"David","Hill","RI","Jacobfort","065 Nicole Manor Suite 278",73583,4882839481421,"nelsonemily@yahoo.com","2020-11-20 20:47:52","2020-11-20 20:47:52",5,16691
258,"Paul","Shepard","PA","East Michaelview","4414 Colleen Rest Apt. 999",29572,777097853402707,"juan72@hotmail.com","2020-11-20 20:47:52","2020-11-20 20:47:52",10,16692
259,"Rachel","Goodwin","IL","North Elizabeth","691 Walsh Hollow Apt. 437",48386,5304556398901,"nicholas00@yahoo.com","2020-11-20 20:47:52","2020-11-20 20:47:52",7,16693
260,"Brian","Anderson","NH","West Chad","980 Carr Field Apt. 732",94313,3121540938034,"emccoy@yahoo.com","2020-11-20 20:47:52","2020-11-20 20:47:52",12,16695
261,"Bobby","Edwards","KS","Hursttown","9061 Estrada Canyon Suite 807",97939,157195563625974,"uwalker@hotmail.com","2020-11-20 20:47:52","2020-11-20 20:47:52",13,16696
262,"Jessica","Jones","UT","East Nathaniel","9444 Kevin Manors",63014,5224512183446,"taranguyen@gmail.com","2020-11-20 20:47:52","2020-11-20 20:47:52",16,16697
263,"Lonnie","Ashley","CO","Lake Brittanyside","36112 Eric Burgs",57681,15307257844558,"christophercochran@yahoo.com","2020-11-20 20:47:52","2020-11-20 20:47:52",2,16699
264,"Bobby","Nguyen","TN","Annettetown","3212 Stanton Spurs Apt. 419",11167,7321060910,"zharris@hotmail.com","2020-11-20 20:47:52","2020-11-20 20:47:52",10,16700
265,"Lance","Peterson","MI","South Jeffreymouth","3158 Gay Shoals Suite 477",88800,5512548197,"dixontyler@yahoo.com","2020-11-20 20:47:52","2020-11-20 20:47:52",9,16701
266,"Janice","Hudson","NV","West Joshua","0708 David Union",632,6386261449,"ryan83@gmail.com","2020-11-20 20:47:52","2020-11-20 20:47:52",20,16703
267,"Robert","Martinez","NY","Loweport","900 Davis Fork",43929,1390597583091800,"zcisneros@yahoo.com","2020-11-20 20:47:52","2020-11-20 20:47:52",5,16704
268,"Kelly","Sanchez","RI","East Meganhaven","61257 Danielle Springs Suite 389",40402,3033113622,"qwalsh@gmail.com","2020-11-20 20:47:52","2020-11-20 20:47:52",21,16705
269,"Joshua","Garrett","GA","Ericfurt","243 Cherry Circles Suite 461",39995,1117294027670921,"huanglaura@gmail.com","2020-11-20 20:47:52","2020-11-20 20:47:52",2,16706
270,"Felicia","Brown","MO","Wilsonchester","8759 Samantha Ways Suite 589",90155,16350103562,"garciajonathan@yahoo.com","2020-11-20 20:47:52","2020-11-20 20:47:52",18,16708
271,"David","Stephenson","HI","Michaelbury","9518 Page Rest",9129,902815679790083,"lowestacey@yahoo.com","2020-11-20 20:47:52","2020-11-20 20:47:52",2,16709
272,"David","Burnett","UT","South Deanna","29652 Jeffrey Cliff Apt. 102",98206,8301266012,"danielle91@gmail.com","2020-11-20 20:47:52","2020-11-20 20:47:52",6,16710
273,"Jared","Tyler","MO","Smithberg","151 Laura Corner",82677,72177802872660,"stephanielee@gmail.com","2020-11-20 20:47:52","2020-11-20 20:47:52",15,16711
274,"Lisa","Crosby","VT","West Lori","6504 Hamilton Crest Apt. 452",79518,90301410831380,"delgadomelissa@yahoo.com","2020-11-20 20:47:52","2020-11-20 20:47:52",6,16712
275,"Jessica","Williams","GA","Parkershire","404 Buck Meadows Suite 307",26537,219698923055344,"princephilip@hotmail.com","2020-11-20 20:47:52","2020-11-20 20:47:52",21,16713
276,"Caitlin","Tate","OR","West Jessicaton","1134 Charles Vista",4698,2885098712817,"brooksanthony@hotmail.com","2020-11-20 20:47:52","2020-11-20 20:47:52",1,16715
277,"Matthew","Manning","WA","West Tanyamouth","15039 Michael Crossing",87200,766582414,"lawsonbailey@hotmail.com","2020-11-20 20:47:52","2020-11-20 20:47:52",13,16716
278,"Joel","Shields","MS","South Deniseborough","6265 Walker Branch Suite 014",72191,151737295610,"sara96@gmail.com","2020-11-20 20:47:52","2020-11-20 20:47:52",21,16717
279,"Melissa","Green","DE","South Williamborough","3689 Gibson Courts",10546,547321230010140,"curtiscoleman@hotmail.com","2020-11-20 20:47:52","2020-11-20 20:47:52",6,16718
280,"Andrew","Kelley","KY","Lake Michael","408 Connor Terrace Suite 936",21009,3278443701,"samantha93@hotmail.com","2020-11-20 20:47:52","2020-11-20 20:47:52",20,16719
281,"Anne","Salazar","OH","Port Richard","693 Lewis Turnpike Suite 057",65161,1455424527102119,"browngeorge@gmail.com","2020-11-20 20:47:52","2020-11-20 20:47:52",6,16721
282,"Lucas","Smith","TX","Jefferyland","0429 Richard Locks",72733,89161138563820,"franklinmichael@gmail.com","2020-11-20 20:47:52","2020-11-20 20:47:52",12,16722
283,"Cassie","Cline","RI","West Johnport","381 Garcia Via",37107,56531929881466,"zrogers@hotmail.com","2020-11-20 20:47:52","2020-11-20 20:47:52",6,16723
284,"Elizabeth","Ward","ME","Stephaniestad","8021 Justin Stravenue Suite 043",51745,71460975731607,"ymartinez@gmail.com","2020-11-20 20:47:52","2020-11-20 20:47:52",13,16724
285,"Leonard","Adams","AK","Lake Kelseyshire","3709 Timothy Brook",21840,3674677794611,"jonathan08@gmail.com","2020-11-20 20:47:52","2020-11-20 20:47:52",13,16725
286,"Carlos","Cole","MS","Brownton","352 Teresa Walk",58095,1938583355849,"yadams@gmail.com","2020-11-20 20:47:52","2020-11-20 20:47:52",19,16726
287,"Steven","Leon","MD","Kellyberg","8644 Jennifer Glens",71969,15947599397,"williamsjoseph@yahoo.com","2020-11-20 20:47:52","2020-11-20 20:47:52",1,16727
288,"Russell","Hicks","WY","Watkinsberg","3298 Price Vista Suite 640",76563,192058912440852,"ggonzales@gmail.com","2020-11-20 20:47:52","2020-11-20 20:47:52",20,16728
289,"Kevin","Wilcox","MA","Lake Timothy","56385 Edwin Spur",45324,2408237842,"iberry@gmail.com","2020-11-20 20:47:52","2020-11-20 20:47:52",14,16729
290,"Cindy","Ford","NY","New Hannahborough","65369 Mark Cove",98694,5523023161,"zhutchinson@yahoo.com","2020-11-20 20:47:52","2020-11-20 20:47:52",15,16730
291,"Claudia","Powell","NH","Brownland","83612 Pamela Mount",59546,5078582459,"westdavid@yahoo.com","2020-11-20 20:47:52","2020-11-20 20:47:52",2,16734
292,"Alicia","Simmons","ID","New Alyssamouth","05289 Elizabeth Meadows Apt. 124",58983,1432767345879820,"james06@gmail.com","2020-11-20 20:47:52","2020-11-20 20:47:52",21,16735
293,"Jill","Vance","HI","Ericahaven","68956 Hunter Junctions Suite 097",75735,1719603186457596,"melissa87@hotmail.com","2020-11-20 20:47:52","2020-11-20 20:47:52",15,16736
294,"Angela","Kelly","WY","Benjaminhaven","3935 Long Curve Suite 420",19966,3538306982,"mathewszachary@gmail.com","2020-11-20 20:47:52","2020-11-20 20:47:52",5,16737
295,"Angela","Holden","IN","Barnesstad","20659 Michele Rapids Apt. 252",98402,986188471,"courtney95@gmail.com","2020-11-20 20:47:52","2020-11-20 20:47:52",12,16738
296,"Phillip","Clark","MT","East Scott","1219 Crystal Summit",9037,100628323592888,"escobarroger@yahoo.com","2020-11-20 20:47:52","2020-11-20 20:47:52",5,16739
297,"David","Frank","WV","Blairville","60266 Spencer Track Apt. 828",82026,115024058819118,"rickeygray@gmail.com","2020-11-20 20:47:52","2020-11-20 20:47:52",13,16740
298,"Ernest","Stone","IN","South Edwardhaven","51840 Perez Ferry Suite 419",77028,14616474040,"wfernandez@gmail.com","2020-11-20 20:47:52","2020-11-20 20:47:52",22,16741
299,"Tiffany","Collins","MN","Makaylaville","1002 Clark Hill Apt. 457",64563,9367652530,"julia91@gmail.com","2020-11-20 20:47:52","2020-11-20 20:47:52",22,16742
300,"Benjamin","Watts","SC","South Misty","9156 Amanda Knoll",43670,1259837068322206,"colton35@yahoo.com","2020-11-20 20:47:52","2020-11-20 20:47:52",2,16743
301,"Mr.","Jeremiah","HI","South Keithchester","1633 Andrade Village",43750,1392109343402325,"deborah80@hotmail.com","2020-11-20 20:47:52","2020-11-20 20:47:52",16,16744
302,"John","Chang","KY","Lake Tyler","69382 Madison Isle Apt. 894",57887,108018318655058,"fkim@hotmail.com","2020-11-20 20:47:52","2020-11-20 20:47:52",8,16745
303,"Mary","Shah","MI","Coleland","11366 Teresa Pike Suite 190",91373,1948509859,"zhangrebecca@hotmail.com","2020-11-20 20:47:52","2020-11-20 20:47:52",5,16746
304,"Luis","Martinez","IL","Jenniferburgh","24625 Adam Gateway Apt. 237",35620,43474602300829,"lparsons@gmail.com","2020-11-20 20:47:52","2020-11-20 20:47:52",7,16747
305,"Bill","Aguilar","AZ","Josephberg","16920 Kellie Coves Suite 229",40440,9125382160,"jasminesingh@yahoo.com","2020-11-20 20:47:52","2020-11-20 20:47:52",5,16748
306,"Jessica","Ramirez","UT","East Diane","47635 Tara Lakes Apt. 281",99278,5201695975,"millermichael@yahoo.com","2020-11-20 20:47:52","2020-11-20 20:47:52",12,16749
307,"Jennifer","Murphy","PA","Lake Ronald","436 Foster Harbors",90566,148287970187587,"sarah01@gmail.com","2020-11-20 20:47:52","2020-11-20 20:47:52",19,16751
308,"David","Leonard","IN","Lake Donberg","3688 Odom Ramp Suite 705",77088,120270101710613,"deleonkathryn@gmail.com","2020-11-20 20:47:52","2020-11-20 20:47:52",7,16752
309,"Gary","Miles","DE","North Blaketon","98135 Guerra Stravenue",92239,40126286911103,"tracilee@gmail.com","2020-11-20 20:47:52","2020-11-20 20:47:52",15,16753
310,"Hannah","Newton","PA","Johnnymouth","72008 Riley Well",1109,3467428880331,"pagebradley@gmail.com","2020-11-20 20:47:52","2020-11-20 20:47:52",16,16755
311,"Robert","Carey","CA","Jamesfurt","33355 Russell Falls Apt. 993",92427,1267491530621084,"pbennett@hotmail.com","2020-11-20 20:47:52","2020-11-20 20:47:52",7,16756
312,"Angela","Johnson","PA","Fitzgeraldport","4181 Hall Mission Suite 067",64141,8539779151253,"henry84@hotmail.com","2020-11-20 20:47:52","2020-11-20 20:47:52",16,16758
313,"Kristine","Johnson","NY","Ashleychester","93531 Rodriguez Mission Suite 211",28254,699874633,"gfrazier@yahoo.com","2020-11-20 20:47:52","2020-11-20 20:47:52",15,16759
314,"Rebecca","Blair","MI","Patrickmouth","330 Moreno Run",23814,780465555,"estanley@yahoo.com","2020-11-20 20:47:52","2020-11-20 20:47:52",21,16761
315,"Donald","Parker","MO","North Brittany","21929 Danielle Vista Apt. 821",91435,176610457950658,"jeffrey11@gmail.com","2020-11-20 20:47:52","2020-11-20 20:47:52",13,16763
316,"Geoffrey","Sanchez","MT","Lake Kaylaburgh","09116 Cheryl Summit",32822,10758487366925,"sandovalmatthew@gmail.com","2020-11-20 20:47:52","2020-11-20 20:47:52",5,16765
317,"Laurie","White","KS","Cruzberg","09394 Julia Bypass Suite 622",90605,9740986700,"kimberlyflores@yahoo.com","2020-11-20 20:47:52","2020-11-20 20:47:52",5,16766
318,"Christopher","Wright","NV","New Jeffrey","88282 Benjamin Trail",59021,17547891182,"jessicasoto@gmail.com","2020-11-20 20:47:52","2020-11-20 20:47:52",11,16767
319,"Kathleen","Elliott","IN","West Leslieburgh","989 Chapman Plains",92374,1781624795101953,"stephaniehill@hotmail.com","2020-11-20 20:47:52","2020-11-20 20:47:52",10,16768
320,"Jillian","Li","NJ","Jersey City","Pavonia Ave",7311,1334232349,"5550915@nyu.edu",\N,"2020-11-26 00:45:57",15,16782
321,"","",\N,\N,\N,\N,\N,"doctortest222@test.com",\N,"2020-11-26 02:40:53",13,16783
